# source	target	keep_as_is	confidence	notes
Organization Owner	組織オーナー	false	high	bold, ngram-2 | 12 section(s)
Project Admin	プロジェクト管理者	false	high	bold, ngram-2 | 10 section(s)
Cluster Details	クラスターの詳細	false	high	bold, ngram-2 | 4 section(s)
Strong	Strong	true	high	bold, backtick | 4 section(s)
Bucket Name	バケット名	false	high	bold | 4 section(s)
Function	Function	true	high	bold, backtick | 4 section(s)
Auto-scaling	オートスケーリング	false	high	bold | 4 section(s)
Cloud Provider	クラウドプロバイダー	false	high	bold, ngram-2 | 4 section(s)
Free	Free	true	high	bold | 3 section(s)
Serverless	Serverless	true	high	bold | 3 section(s)
Data Plane	データプレーン	false	high	bold, ngram-2 | 3 section(s)
AWS PrivateLink	AWS PrivateLink	true	high	bold, ngram-2 | 3 section(s)
Business Critical	ビジネスクリティカル	false	high	bold, ngram-2 | 3 section(s)
Organization Billing Admin	組織の請求管理者	false	high	bold, ngram-3 | 3 section(s)
Resource Settings	リソース設定	false	high	bold | 3 section(s)
Initial Project Size	初期プロジェクトサイズ	false	high	bold, ngram-3 | 3 section(s)
General Settings	一般設定	false	high	bold | 3 section(s)
Technical Support Access	テクニカルサポートアクセス	false	high	bold, ngram-3 | 3 section(s)
Unit Price	単価	false	high	bold, ngram-2 | 2 section(s)
Dedicated	Dedicated	true	high	bold | 2 section(s)
Cluster Settings	クラスター設定	false	high	bold | 2 section(s)
Cluster Type	クラスタータイプ	false	high	bold, ngram-2 | 2 section(s)
Bounded Staleness	Bounded Staleness	true	high	bold | 2 section(s)
Session	Session	true	high	bold, backtick | 2 section(s)
Eventually	Eventually	true	high	bold, backtick | 2 section(s)
API Key	APIキー	false	high	bold, ngram-2 | 2 section(s)
inverted index	転置インデックス	false	high	bold | 2 section(s)
Cosine Similarity	コサイン類似度	false	high	bold | 2 section(s)
Euclidean Distance	ユークリッド距離	false	high	bold | 2 section(s)
Inner Product	内積	false	high	bold, ngram-2 | 2 section(s)
MinHash signatures	MinHashシグネチャ	false	high	bold | 2 section(s)
Tokenizer	トークナイザー	false	high	bold | 2 section(s)
Filters	フィルター	false	high	bold | 2 section(s)
JSON path	JSONパス	false	high	bold | 2 section(s)
JSON indexing	JSONインデックス	false	high	bold | 2 section(s)
full-text search	全文検索	false	high	bold | 2 section(s)
Improved Query Performance	クエリパフォーマンスの向上	false	high	bold, ngram-3 | 2 section(s)
Primary field	プライマリフィールド	false	high	bold | 2 section(s)
Text field	テキストフィールド	false	high	bold | 2 section(s)
Sparse vector field	スパースベクトルフィールド	false	high	bold | 2 section(s)
sparse vectors	疎ベクトル	false	high	bold | 2 section(s)
Projects	プロジェクト	false	high	bold | 2 section(s)
Partition Key	パーティションキー	false	high	bold, ngram-2 | 2 section(s)
Billing Overview	請求概要	false	high	bold, ngram-2 | 2 section(s)
API Keys	APIキー	false	high	bold, ngram-2 | 2 section(s)
not supported	サポートされていません	false	high	bold | 2 section(s)
In Progress	進行中	false	high	bold, ngram-2 | 2 section(s)
Successful	成功	false	high	bold | 2 section(s)
Organization Member	組織メンバー	false	high	bold, ngram-2 | 2 section(s)
Account ID	アカウントID	false	high	bold, ngram-2 | 2 section(s)
Organization Owners	組織オーナー	false	high	bold, ngram-2 | 2 section(s)
Bucket name	バケット名	false	high	bold | 2 section(s)
Policy editor	ポリシーエディター	false	high	bold | 2 section(s)
Custom trust policy	カスタム信頼ポリシー	false	high	bold | 2 section(s)
Permissions policies	権限ポリシー	false	high	bold | 2 section(s)
Name, review, and create	名前を付けて確認し、作成	false	high	bold | 2 section(s)
Service Name	サービス名	false	high	bold | 2 section(s)
Service Account Name	サービスアカウント名	false	high	bold | 2 section(s)
Location type	ロケーションタイプ	false	high	bold | 2 section(s)
Project Read-Write	プロジェクト読み書き	false	high	bold | 2 section(s)
Project Read-Only	プロジェクト読み取り専用	false	high	bold | 2 section(s)
Control Plane	コントロールプレーン	false	high	bold, ngram-2 | 2 section(s)
Subnet IDs	サブネットID	false	high	bold | 2 section(s)
Subnets	サブネット	false	high	bold | 2 section(s)
Endpoint ID	エンドポイントID	false	high	bold, ngram-2 | 2 section(s)
Subnet	サブネット	false	high	bold | 2 section(s)
Published service	公開済みサービス	false	high	bold | 2 section(s)
VPC Name	VPC名	false	high	bold | 2 section(s)
Storage settings	ストレージ設定	false	high	bold | 2 section(s)
Project Name	プロジェクト名	false	high	bold | 2 section(s)
Credential Settings	認証情報設定	false	high	bold | 2 section(s)
Cross-Account Settings	クロスアカウント設定	false	high	bold | 2 section(s)
Network Settings	ネットワーク設定	false	high	bold, ngram-2 | 2 section(s)
Deployment Summary	デプロイ概要	false	high	bold | 2 section(s)
project admin	プロジェクト管理者	false	high	bold | 1 section(s)
organization owner	組織オーナー	false	high	bold | 1 section(s)
custom role	カスタムロール	false	high	bold | 1 section(s)
Excluded from backup	バックアップから除外	false	high	bold | 1 section(s)
Cluster shard settings	クラスターシャード設定	false	high	bold | 1 section(s)
Original Backup File Size	元のバックアップファイルサイズ	false	high	bold | 1 section(s)
manually create backups	手動でバックアップを作成する	false	high	bold | 1 section(s)
automatic backups	自動バックアップ	false	high	bold | 1 section(s)
Integration Configuration	統合設定	false	high	bold | 1 section(s)
Manual backups	手動バックアップ	false	high	bold | 1 section(s)
Automatic backups	自動バックアップ	false	high	bold | 1 section(s)
new cluster	新しいクラスター	false	high	bold | 1 section(s)
entire cluster	クラスター全体	false	high	bold | 1 section(s)
disabled by default	デフォルトで無効	false	high	bold | 1 section(s)
Cluster Name	クラスター名	false	high	bold | 1 section(s)
Global Cluster	グローバルクラスター	false	high	bold, ngram-2 | 1 section(s)
Global Topology	グローバルトポロジー	false	high	bold | 1 section(s)
global endpoint	グローバルエンドポイント	false	high	bold | 1 section(s)
public endpoint	パブリックエンドポイント	false	high	bold | 1 section(s)
authentication token	認証トークン	false	high	bold | 1 section(s)
global cluster	グローバルクラスター	false	high	bold | 1 section(s)
primary cluster	プライマリークラスター	false	high	bold | 1 section(s)
secondary clusters	セカンダリークラスター	false	high	bold | 1 section(s)
write requests	書き込みリクエスト	false	high	bold | 1 section(s)
read requests	読み取りリクエスト	false	high	bold | 1 section(s)
Switchover	スイッチオーバー	false	high	bold | 1 section(s)
Failover	フェイルオーバー	false	high	bold | 1 section(s)
Storage costs	ストレージ費用	false	high	bold | 1 section(s)
Data transfer costs	データ転送費用	false	high	bold | 1 section(s)
Plan availability	プランの可用性	false	high	bold | 1 section(s)
Unix cron	Unix cron	true	high	bold | 1 section(s)
all fields match	すべてのフィールドが一致	false	high	bold | 1 section(s)
CU Computation	CU計算	false	high	bold | 1 section(s)
replica count	レプリカ数	false	high	bold | 1 section(s)
CU computation	CU計算	false	high	bold | 1 section(s)
Minimum Replica	最小レプリカ	false	high	bold | 1 section(s)
Maximum Replica	最大レプリカ	false	high	bold | 1 section(s)
Current Replica Count: 1	現在のレプリカ数：1	false	high	bold | 1 section(s)
recurring patterns	繰り返しパターン	false	high	bold | 1 section(s)
Basic mode	基本モード	false	high	bold | 1 section(s)
Advanced mode	詳細モード	false	high	bold | 1 section(s)
unpredictable workloads	予測不可能なワークロード	false	high	bold | 1 section(s)
min–max range	最小-最大範囲	false	high	bold | 1 section(s)
CU Capacity	CU容量	false	high	bold, ngram-2 | 1 section(s)
dynamic scaling	動的スケーリング	false	high	bold | 1 section(s)
Suggestion	提案	false	high	bold | 1 section(s)
Resource check	リソースチェック	false	high	bold | 1 section(s)
Modifying	変更中	false	high	bold | 1 section(s)
Job completed	ジョブが完了しました	false	high	bold | 1 section(s)
Resource Limitations	リソースの制限	false	high	bold | 1 section(s)
Number of Query CU	クエリCU数	false	high	bold | 1 section(s)
Replica count	レプリカ数	false	high	bold | 1 section(s)
During Scaling	スケーリング中	false	high	bold | 1 section(s)
Performance Impact	パフォーマンスへの影響	false	high	bold | 1 section(s)
CU capacity	CU容量	false	high	bold | 1 section(s)
Minimum Query CU	最小クエリCU	false	high	bold | 1 section(s)
Maximum Query CU	最大クエリCU	false	high	bold | 1 section(s)
Vector index	ベクトルインデックス	false	high	bold | 1 section(s)
Scalar index	スカラーインデックス	false	high	bold | 1 section(s)
Text functions	テキスト関数	false	high	bold | 1 section(s)
Rerank functions	Rerank関数	false	high	bold | 1 section(s)
at query time	クエリ時	false	high	bold | 1 section(s)
partition key	パーティションキー	false	high	bold | 1 section(s)
Enabling dynamic field	動的フィールドの有効化	false	high	bold | 1 section(s)
"true"	"true"	true	high	bold | 1 section(s)
"false"	"false"	true	high	bold | 1 section(s)
January 1st	1月1日	false	high	bold | 1 section(s)
January 31st	1月31日	false	high	bold | 1 section(s)
Feburary 28th	2月28日	false	high	bold | 1 section(s)
January 15th	1月15日	false	high	bold | 1 section(s)
February 13th	2月13日	false	high	bold | 1 section(s)
February 14th	2月14日	false	high	bold | 1 section(s)
Simplicity	シンプルさ	false	high	bold | 1 section(s)
Efficiency	効率性	false	high	bold | 1 section(s)
Consistency	一貫性	false	high	bold | 1 section(s)
Object access URIs	オブジェクトアクセスURI	false	high	bold | 1 section(s)
Required permissions	必要な権限	false	high	bold | 1 section(s)
Credential acquisition	認証情報の取得	false	high	bold | 1 section(s)
Cluster Endpoint	クラスターエンドポイント	false	high	bold | 1 section(s)
Cluster ID	クラスターID	false	high	bold | 1 section(s)
Secret Key	シークレットキー	false	high	bold | 1 section(s)
Entity Count	エンティティ数	false	high	bold, ngram-2 | 1 section(s)
Partitions	パーティション	false	high	bold | 1 section(s)
Loaded Entities	ロードされたエンティティ	false	high	bold, ngram-2 | 1 section(s)
Build index	インデックスの構築	false	high	bold | 1 section(s)
Accelerate queries	クエリの高速化	false	high	bold | 1 section(s)
Decompose text into n-grams	テキストをn-gramに分解する	false	high	bold | 1 section(s)
Build an inverted index	転置インデックスを構築する	false	high	bold | 1 section(s)
Prefix match	前方一致	false	high	bold | 1 section(s)
Suffix match	後方一致	false	high	bold | 1 section(s)
Infix match	中間一致	false	high	bold | 1 section(s)
Wildcard match	ワイルドカード一致	false	high	bold | 1 section(s)
JSON path queries	JSONパス クエリ	false	high	bold | 1 section(s)
Field types	フィールド型	false	high	bold | 1 section(s)
Unicode	Unicode	true	high	bold | 1 section(s)
Space–time trade-off	空間的・時間的トレードオフ	false	high	bold | 1 section(s)
Immutability	不変性	false	high	bold | 1 section(s)
Avoid low-selectivity grams	選択性の低いグラムを避ける	false	high	bold | 1 section(s)
Normalize consistently	一貫して正規化する	false	high	bold | 1 section(s)
signature vector	シグネチャベクトル	false	high	bold | 1 section(s)
approximate the Jaccard similarity	Jaccard類似度を近似する	false	high	bold | 1 section(s)
Shingling	シャイングリング	false	high	bold | 1 section(s)
Hashing	ハッシュ化	false	high	bold | 1 section(s)
Min Selection	最小選択	false	high	bold | 1 section(s)
Band 0	Band 0	true	high	bold | 1 section(s)
Chunk & preprocess	チャンク化と前処理	false	high	bold | 1 section(s)
Feature construction	特徴量構築	false	high	bold | 1 section(s)
MinHash signature generation	MinHashシグネチャ生成	false	high	bold | 1 section(s)
Binary vector conversion	バイナリベクトル変換	false	high	bold | 1 section(s)
accurate Jaccard similarity	正確なJaccard類似度	false	high	bold | 1 section(s)
Token set extraction example	トークンセット抽出の例	false	high	bold | 1 section(s)
Approximate search	近似検索	false	high	bold | 1 section(s)
Refined search	絞り込み検索	false	high	bold | 1 section(s)
Precision-first	精度優先	false	high	bold | 1 section(s)
Balanced	バランス	false	high	bold | 1 section(s)
Capacity-first	容量優先	false	high	bold | 1 section(s)
Metric Type	メトリックタイプ	false	high	bold | 1 section(s)
Existing entities	既存のエンティティ	false	high	bold | 1 section(s)
New entities	新しいエンティティ	false	high	bold | 1 section(s)
Field availability	フィールドの可用性	false	high	bold | 1 section(s)
Queryable immediately	即時クエリ可能	false	high	bold | 1 section(s)
New collection	新しいコレクション	false	high	bold | 1 section(s)
Existing collection	既存のコレクション	false	high	bold | 1 section(s)
zero or more	ゼロ個以上	false	high	bold | 1 section(s)
Built-in analyzer	組み込みアナライザー	false	high	bold | 1 section(s)
Custom analyzer	カスタムアナライザー	false	high	bold | 1 section(s)
Built-in filters	組み込みフィルター	false	high	bold | 1 section(s)
Custom filters	カスタムフィルター	false	high	bold | 1 section(s)
default analyzer	デフォルトアナライザー	false	high	bold | 1 section(s)
Language-specific analyzers	言語固有のアナライザー	false	high	bold | 1 section(s)
Language	言語	false	high	bold | 1 section(s)
practical decision-making	実用的な意思決定	false	high	bold | 1 section(s)
phrase match	フレーズ一致	false	high	bold | 1 section(s)
text match	テキスト一致	false	high	bold | 1 section(s)
Standard analyzer behavior	標準アナライザーの動作	false	high	bold | 1 section(s)
Example transformation	変換例	false	high	bold | 1 section(s)
When to use icu	icuを使用する場合	false	high	bold | 1 section(s)
Alternative approaches	代替アプローチ	false	high	bold | 1 section(s)
Over-tokenization	過剰なトークン化	false	high	bold | 1 section(s)
Under-tokenization	不十分なトークン化	false	high	bold | 1 section(s)
Missing tokens	欠落しているトークン	false	high	bold | 1 section(s)
Advanced multilingual processing	高度な多言語処理	false	high	bold | 1 section(s)
multi-language analyzer	多言語アナライザー	false	high	bold | 1 section(s)
language identifier	言語識別子	false	high	bold | 1 section(s)
Primary Key Field	主キーフィールド	false	high	bold | 1 section(s)
Language Indicator Field	言語インジケーターフィールド	false	high	bold | 1 section(s)
Text Content Field	テキストコンテンツフィールド	false	high	bold | 1 section(s)
Vector Field	ベクトルフィールド	false	high	bold | 1 section(s)
not explicitly defined	明示的に定義されていない	false	high	bold | 1 section(s)
JSON path indexing	JSONパスインデックス	false	high	bold | 1 section(s)
JSON cast type	JSONキャストタイプ	false	high	bold | 1 section(s)
Retrieving dynamic field keys	動的フィールドキーの取得	false	high	bold | 1 section(s)
different data type	異なるデータ型	false	high	bold | 1 section(s)
not use the index	インデックスを使用しない	false	high	bold | 1 section(s)
JSON and ARRAY fields	JSONおよびARRAYフィールド	false	high	bold | 1 section(s)
exactly one	ちょうど1つ	false	high	bold | 1 section(s)
Semantic search	セマンティック検索	false	high	bold | 1 section(s)
Full-text search	全文検索	false	high	bold | 1 section(s)
Metadata filtering	メタデータフィルタリング	false	high	bold | 1 section(s)
vector fields	ベクトルフィールド	false	high	bold | 1 section(s)
scalar fields	スカラーフィールド	false	high	bold | 1 section(s)
Hierarchical data	階層データ	false	high	bold | 1 section(s)
Multimodal embeddings	マルチモーダル埋め込み	false	high	bold | 1 section(s)
Temporal or sequential data	時系列データまたはシーケンシャルデータ	false	high	bold | 1 section(s)
ego vehicle's behaviors	自車両の挙動	false	high	bold | 1 section(s)
detected objects	検出されたオブジェクト	false	high	bold | 1 section(s)
Int64	Int64	true	high	bold, backtick | 1 section(s)
Boolean	Boolean	true	high	bold | 1 section(s)
Int	Int	true	high	bold | 1 section(s)
Float	Float	true	high	bold, backtick | 1 section(s)
Double	Double	true	high	bold, backtick | 1 section(s)
Default Values	デフォルト値	false	high	bold | 1 section(s)
Array Capacity	配列容量	false	high	bold | 1 section(s)
String Handling	文字列処理	false	high	bold | 1 section(s)
Data types	データ型	false	high	bold | 1 section(s)
Nullable & default values	NULL許容とデフォルト値	false	high	bold | 1 section(s)
Scalar filtering	スカラーフィルタリング	false	high	bold | 1 section(s)
Text 1	テキスト1	false	high	bold | 1 section(s)
Text 2	テキスト2	false	high	bold | 1 section(s)
Milvus	Milvus	true	high	bold | 1 section(s)
vector database	ベクトルデータベース	false	high	bold | 1 section(s)
retrieval system	検索システム	false	high	bold | 1 section(s)
within 1km	1km以内	false	high	bold | 1 section(s)
Examples of valid strings	有効な文字列の例	false	high	bold | 1 section(s)
Examples of invalid strings	無効な文字列の例	false	high	bold | 1 section(s)
Data cast type	データキャストタイプ	false	high	bold | 1 section(s)
Optional type conversion	オプションの型変換	false	high	bold | 1 section(s)
Flattens the JSON structure	JSON構造をフラット化する	false	high	bold | 1 section(s)
Infers data types	データ型を推論する	false	high	bold | 1 section(s)
Creates comprehensive coverage	包括的なカバレッジを作成する	false	high	bold | 1 section(s)
partial indexing	部分インデックス	false	high	bold | 1 section(s)
Read-heavy workloads	読み込み集中型ワークロード	false	high	bold | 1 section(s)
Mixed query patterns	混合クエリパターン	false	high	bold | 1 section(s)
Typed keys	型付きキー	false	high	bold | 1 section(s)
Dynamic keys	動的キー	false	high	bold | 1 section(s)
Shared keys	共有キー	false	high	bold | 1 section(s)
Shredded columns	シャーデッドカラム	false	high	bold | 1 section(s)
Shared column	共有カラム	false	high	bold | 1 section(s)
shared keys	共有キー	false	high	bold | 1 section(s)
Fast path	高速パス	false	high	bold | 1 section(s)
Optimized path	最適化されたパス	false	high	bold | 1 section(s)
Hardware	ハードウェア	false	high	bold | 1 section(s)
Dataset	データセット	false	high	bold | 1 section(s)
Average document size	平均ドキュメントサイズ	false	high	bold | 1 section(s)
Test duration	テスト期間	false	high	bold | 1 section(s)
Shared key queries	共有キー検索	false	high	bold | 1 section(s)
Typed key queries	型付きキー検索	false	high	bold | 1 section(s)
All query types	すべてのクエリタイプ	false	high	bold | 1 section(s)
JSON shredding	JSONシュレッディング	false	high	bold | 1 section(s)
floating-point numbers	浮動小数点数	false	high	bold | 1 section(s)
Traditional statistical techniques	従来の統計手法	false	high	bold | 1 section(s)
Neural sparse embedding models	ニューラル疎埋め込みモデル	false	high	bold | 1 section(s)
Accepted input format	許容される入力形式	false	high	bold | 1 section(s)
Timestamp parsing rules	タイムスタンプのパースルール	false	high	bold | 1 section(s)
Asia/Shanghai	Asia/Shanghai	true	high	bold | 1 section(s)
Internal storage	内部ストレージ	false	high	bold | 1 section(s)
Comparison and filtering	比較とフィルタリング	false	high	bold | 1 section(s)
not equal	等しくない	false	high	bold | 1 section(s)
Bounded	Bounded	true	high	bold, backtick | 1 section(s)
batch data	バッチデータ	false	high	bold | 1 section(s)
streaming data	ストリーミングデータ	false	high	bold | 1 section(s)
Eventual	Eventual	true	high	bold | 1 section(s)
Array	配列	false	high	bold | 1 section(s)
Dense vector search	密ベクトル検索	false	high	bold | 1 section(s)
Sparse vector search	疎ベクトル検索	false	high	bold | 1 section(s)
standard filtering	標準フィルタリング	false	high	bold | 1 section(s)
iterative filtering	反復フィルタリング	false	high	bold | 1 section(s)
Comparison Operators	比較演算子	false	high	bold | 1 section(s)
Range Filters	範囲フィルター	false	high	bold | 1 section(s)
Arithmetic Operators	算術演算子	false	high	bold | 1 section(s)
Logical Operators	論理演算子	false	high	bold | 1 section(s)
Indexing	インデックス作成	false	high	bold | 1 section(s)
Reduced Parsing Time	パース時間の短縮	false	high	bold | 1 section(s)
Data exploration	データ探索	false	high	bold | 1 section(s)
Development testing	開発テスト	false	high	bold | 1 section(s)
Resource optimization	リソース最適化	false	high	bold | 1 section(s)
Development workflow	開発ワークフロー	false	high	bold | 1 section(s)
Statistical validity	統計的妥当性	false	high	bold | 1 section(s)
Performance testing	パフォーマンステスト	false	high	bold | 1 section(s)
Raw text input	生テキスト入力	false	high	bold | 1 section(s)
Text analysis	テキスト分析	false	high	bold | 1 section(s)
BM25 function processing	BM25関数処理	false	high	bold | 1 section(s)
Collection store	コレクションストア	false	high	bold | 1 section(s)
BM25 relevance scoring	BM25関連性スコアリング	false	high	bold | 1 section(s)
Design Rationale	設計思想	false	high	bold | 1 section(s)
Number of groups	グループ数	false	high	bold | 1 section(s)
Entities per group	グループあたりのエンティティ数	false	high	bold | 1 section(s)
Strict group size	厳密なグループサイズ	false	high	bold | 1 section(s)
Sparse-Dense Vector Search	疎密ベクトル検索	false	high	bold | 1 section(s)
Multimodal Vector Search	マルチモーダルベクトル検索	false	high	bold | 1 section(s)
Full-Text Search	全文検索	false	high	bold | 1 section(s)
"robotics machine learning"	"robotics machine learning"	true	high	bold | 1 section(s)
"robotics"	"robotics"	true	high	bold | 1 section(s)
"machine"	"machine"	true	high	bold | 1 section(s)
"learning"	"learning"	true	high	bold | 1 section(s)
"machine learning"	"machine learning"	true	high	bold | 1 section(s)
"deep"	"deep"	true	high	bold | 1 section(s)
Document Tokenization	ドキュメントのトークン化	false	high	bold | 1 section(s)
Inverted Index Creation	転置インデックスの作成	false	high	bold | 1 section(s)
Phrase Matching	フレーズマッチング	false	high	bold | 1 section(s)
slop = 0	slop = 0	true	high	bold | 1 section(s)
slop = 2	slop = 2	true	high	bold | 1 section(s)
"learning machine"	"learning machine"	true	high	bold | 1 section(s)
"machine boosts learning"	"machine boosts learning"	true	high	bold | 1 section(s)
"machine quickly boosts learning"	"machine quickly boosts learning"	true	high	bold | 1 section(s)
MinHash Jaccard	MinHash Jaccard	true	high	bold | 1 section(s)
Applicable vector type	適用可能なベクトル型	false	high	bold | 1 section(s)
Distance definition	距離の定義	false	high	bold | 1 section(s)
maximum similarity	最大類似度	false	high	bold | 1 section(s)
metric type	メトリックタイプ	false	high	bold | 1 section(s)
Limit	制限	false	high	bold | 1 section(s)
Offset	オフセット	false	high	bold | 1 section(s)
Which terms are highlighted	強調表示される用語	false	high	bold | 1 section(s)
BM25 full text search	BM25全文検索	false	high	bold | 1 section(s)
text-based filtering expressions	テキストベースのフィルタリング式	false	high	bold | 1 section(s)
Highlighter configuration	ハイライター設定	false	high	bold | 1 section(s)
Highlighting output	ハイライト出力	false	high	bold | 1 section(s)
Performance-optimized	パフォーマンス最適化済み	false	high	bold | 1 section(s)
Capacity-optimized	容量最適化済み	false	high	bold | 1 section(s)
Extended-capacity CUs	拡張容量CU	false	high	bold | 1 section(s)
Cosine	コサイン	false	high	bold | 1 section(s)
Jaccard	Jaccard	true	high	bold | 1 section(s)
Hamming	ハミング	false	high	bold | 1 section(s)
Clone	クローン	false	high	bold | 1 section(s)
Clone scope	クローンスコープ	false	high	bold | 1 section(s)
Collection schema and data	コレクションのスキーマとデータ	false	high	bold | 1 section(s)
For inserts	挿入の場合	false	high	bold | 1 section(s)
For deletes	削除の場合	false	high	bold | 1 section(s)
Let's Encrypt	Let's Encrypt	true	high	bold | 1 section(s)
TLS 1.2	TLS 1.2	true	high	bold | 1 section(s)
TLS 1.2+	TLS 1.2+	true	high	bold | 1 section(s)
Organization Information	組織情報	false	high	bold | 1 section(s)
BM25 function	BM25関数	false	high	bold | 1 section(s)
document ingestion	ドキュメントの取り込み	false	high	bold | 1 section(s)
sparse embeddings	スパース埋め込み	false	high	bold | 1 section(s)
same analyzer	同じアナライザー	false	high	bold | 1 section(s)
term level	タームレベル	false	high	bold | 1 section(s)
document level	ドキュメントレベル	false	high	bold | 1 section(s)
Term-level scoring	タームレベルスコアリング	false	high	bold | 1 section(s)
Pre-search	検索前	false	high	bold | 1 section(s)
Post-search	検索後	false	high	bold | 1 section(s)
Pre-search Function	検索前関数	false	high	bold | 1 section(s)
Post-search Function	検索後関数	false	high	bold | 1 section(s)
what role they play	それらが果たす役割	false	high	bold | 1 section(s)
Pre-search Functions	検索前関数	false	high	bold, ngram-2 | 1 section(s)
Post-search Functions	検索後関数	false	high	bold, ngram-2 | 1 section(s)
after candidate retrieval	候補取得後	false	high	bold | 1 section(s)
do not	～しない	false	high	bold | 1 section(s)
model-based Functions	モデルベース関数	false	high	bold | 1 section(s)
deployment ID	デプロイメントID	false	high	bold | 1 section(s)
Model Unit Price	モデル単価	false	high	bold | 1 section(s)
Usage Time	使用時間	false	high	bold | 1 section(s)
Choose an embedding model	埋め込みモデルを選択	false	high	bold | 1 section(s)
Collect Search Rankings	検索ランキングを収集	false	high	bold | 1 section(s)
Aggregate Rankings	ランキングを集計	false	high	bold | 1 section(s)
Collect Search Scores	検索スコアを収集	false	high	bold | 1 section(s)
Score Normalization	スコアの正規化	false	high	bold | 1 section(s)
post-retrieval step	取得後ステップ	false	high	bold | 1 section(s)
Choose a rerank model	リランクモデルを選択	false	high	bold | 1 section(s)
at search time	検索時	false	high	bold | 1 section(s)
integration ID	統合ID	false	high	bold | 1 section(s)
Time unit consistency	時間単位の一貫性	false	high	bold | 1 section(s)
"AI research papers"	「AI研究論文」	false	high	bold | 1 section(s)
Gaussian	ガウス	false	high	bold | 1 section(s)
Exponential	指数	false	high	bold | 1 section(s)
Linear	線形	false	high	bold | 1 section(s)
Organizations	組織	false	high	bold | 1 section(s)
Organization-level isolation	組織レベルの分離	false	high	bold | 1 section(s)
Project-level isolation	プロジェクトレベルの分離	false	high	bold | 1 section(s)
Cluster-level isolation	クラスターレベルの分離	false	high	bold | 1 section(s)
Database	データベース	false	high	bold | 1 section(s)
Data isolation	データ分離	false	high	bold | 1 section(s)
Flexibility	柔軟性	false	high	bold | 1 section(s)
Others	その他	false	high	bold | 1 section(s)
Strong data isolation requirements	厳格なデータ分離要件	false	high	bold | 1 section(s)
Cross-tenant searches	テナント間検索	false	high	bold | 1 section(s)
Run Your Test >	テストを実行 >	false	high	bold | 1 section(s)
Results	結果	false	high	bold | 1 section(s)
DB Filter	DBフィルター	false	high	bold | 1 section(s)
Case Filter	ケースフィルター	false	high	bold | 1 section(s)
availability phase	利用可能フェーズ	false	high	bold | 1 section(s)
free cluster	フリークラスター	false	high	bold | 1 section(s)
free trial	無料トライアル	false	high	bold | 1 section(s)
Credits	クレジット	false	high	bold | 1 section(s)
Auto ID	自動ID	false	high	bold, ngram-2 | 1 section(s)
metric types	メトリックタイプ	false	high	bold | 1 section(s)
Work Email	仕事用メール	false	high	bold | 1 section(s)
Password	パスワード	false	high	bold | 1 section(s)
Resend Code	コードを再送信	false	high	bold | 1 section(s)
and click	をクリック	false	high	bold | 1 section(s)
Emails	メール	false	high	bold | 1 section(s)
Public Profile	公開プロフィール	false	high	bold | 1 section(s)
Public email	公開メール	false	high	bold | 1 section(s)
Next releases	次期リリース	false	high	bold | 1 section(s)
New Region	新しいリージョン	false	high	bold, ngram-2 | 1 section(s)
US-East-2	US-East-2	true	high	bold | 1 section(s)
US-West-2	US-West-2	true	high	bold | 1 section(s)
Data Preview	データプレビュー	false	high	bold | 1 section(s)
Milvus 2.1.x	Milvus 2.1.x	true	high	bold | 1 section(s)
Milvus 2.4 features	Milvus 2.4の機能	false	high	bold | 1 section(s)
multi-replica functionality	マルチレプリカ機能	false	high	bold | 1 section(s)
Migration Service	移行サービス	false	high	bold | 1 section(s)
RESTful APIs	RESTful API	false	high	bold, ngram-2 | 1 section(s)
Milvus 2.4.x	Milvus 2.4.x	true	high	bold | 1 section(s)
Average Weighted Scoring	平均加重スコアリング	false	high	bold, ngram-3 | 1 section(s)
Enhanced Availability	可用性の向上	false	high	bold | 1 section(s)
Notebook Gallery	ノートブックギャラリー	false	high	bold, ngram-2 | 1 section(s)
Multi-replica Availability	マルチレプリカ可用性	false	high	bold | 1 section(s)
AWS Tokyo Region	AWS東京リージョン	true	high	bold | 1 section(s)
Prometheus Integration	Prometheus連携	false	high	bold | 1 section(s)
AWS Marketplace Free Trial	AWS Marketplace無料トライアル	true	high	bold | 1 section(s)
Secure Communication	セキュアな通信	false	high	bold | 1 section(s)
Optimized Permissions	最適化された権限	false	high	bold | 1 section(s)
Public Preview	パブリックプレビュー	false	high	bold, ngram-2 | 1 section(s)
Milvus v2.4.x	Milvus v2.4.x	true	high	bold | 1 section(s)
Milvus 2.5.x	Milvus 2.5.x	true	high	bold | 1 section(s)
Try Preview Features	プレビュー機能を試す	false	high	bold, ngram-3 | 1 section(s)
semantic search	セマンティック検索	false	high	bold | 1 section(s)
industry-standard BM25	業界標準のBM25	false	high	bold | 1 section(s)
Stronger Security	より強力なセキュリティ	false	high	bold | 1 section(s)
within a private network	プライベートネットワーク内	false	high	bold | 1 section(s)
Easier Compliance	容易なコンプライアンス	false	high	bold | 1 section(s)
Simplified Network Configuration	簡素化されたネットワーク構成	false	high	bold | 1 section(s)
more straightforward and manageable	より分かりやすく管理しやすい	false	high	bold | 1 section(s)
Suspend	一時停止	false	high	bold | 1 section(s)
Private Preview	プライベートプレビュー	false	high	bold, ngram-2 | 1 section(s)
Milvus v2.5.x	Milvus v2.5.x	true	high	bold | 1 section(s)
Other Database Components	その他のデータベースコンポーネント	false	high	bold | 1 section(s)
Core Support Services	コアサポートサービス	false	high	bold | 1 section(s)
Small	小	false	high	bold | 1 section(s)
Medium	中	false	high	bold | 1 section(s)
Large	大	false	high	bold | 1 section(s)
X-Large	特大	false	high	bold | 1 section(s)
Generally Available	一般提供	false	high	bold | 1 section(s)
Alert Policies	アラートポリシー	false	high	bold | 1 section(s)
mmap settings	mmap設定	false	high	bold | 1 section(s)
invitation registration	招待登録	false	high	bold | 1 section(s)
password recovery	パスワード回復	false	high	bold | 1 section(s)
batch ETL capability	バッチETL機能	false	high	bold | 1 section(s)
hours instead of days	日単位ではなく時間単位	false	high	bold | 1 section(s)
Stage	ステージ	false	high	bold | 1 section(s)
Request Body	リクエストボディ	false	high	bold | 1 section(s)
scheduled scaling	スケジュールされたスケーリング	false	high	bold | 1 section(s)
cluster level	クラスターレベル	false	high	bold | 1 section(s)
cluster-level backup	クラスターレベルのバックアップ	false	high	bold | 1 section(s)
Milvus 2.2.x	Milvus 2.2.x	true	high	bold | 1 section(s)
Ingestion pipeline	取り込みパイプライン	false	high	bold | 1 section(s)
Deletion Pipeline	削除パイプライン	false	high	bold | 1 section(s)
Audit Logs	監査ログ	false	high	bold, ngram-2 | 1 section(s)
all three cloud providers	3つのクラウドプロバイダーすべて	false	high	bold | 1 section(s)
paid feature	有料機能	false	high	bold | 1 section(s)
dedicated cluster	専用クラスター	false	high	bold | 1 section(s)
Enterprise Plan	Enterprise Plan	true	high	bold | 1 section(s)
IdP-specific flow	IdP固有のフロー	false	high	bold | 1 section(s)
Okta	Okta	true	high	bold | 1 section(s)
Microsoft Entra	Microsoft Entra	true	high	bold, ngram-2 | 1 section(s)
Google Workspace	Google Workspace	true	high	bold, ngram-2 | 1 section(s)
Better UX	UXの向上	false	high	bold | 1 section(s)
visual, IdP-specific examples	視覚的なIdP固有の例	false	high	bold | 1 section(s)
databases and collections	データベースとコレクション	false	high	bold | 1 section(s)
Milvus v2.6.x clusters	Milvus v2.6.x クラスター	true	high	bold | 1 section(s)
Field addition without downtime	ダウンタイムなしのフィールド追加	false	high	bold | 1 section(s)
Enhanced full-text search	強化された全文検索	false	high	bold | 1 section(s)
Accelerated JSON filtering	高速化されたJSONフィルタリング	false	high	bold | 1 section(s)
New reranking functions	新しい再ランキング関数	false	high	bold | 1 section(s)
Boost Ranker	Boost Ranker	true	high	bold, ngram-2 | 1 section(s)
Decay Ranker	Decay Ranker	true	high	bold, ngram-2 | 1 section(s)
INT8 vector support	INT8ベクトルサポート	false	high	bold | 1 section(s)
MINHASH_LSH index	MINHASH_LSHインデックス	true	high	bold | 1 section(s)
Partial upserts	部分的なアップサート	false	high	bold | 1 section(s)
Cluster Overview	クラスター概要	false	high	bold | 1 section(s)
Smart Data Management	スマートデータ管理	false	high	bold | 1 section(s)
Higher Cache Hit Rates	キャッシュヒット率の向上	false	high	bold | 1 section(s)
Cost Reduction	コスト削減	false	high	bold | 1 section(s)
Key Capabilities	主要機能	false	high	bold | 1 section(s)
Analyzer GUI	アナライザーGUI	true	high	bold | 1 section(s)
language-specific templates	言語固有のテンプレート	false	high	bold | 1 section(s)
diagnose connection issues	接続の問題を診断する	false	high	bold | 1 section(s)
Geometry data type support	Geometryデータ型サポート	false	high	bold | 1 section(s)
Struct data type support	Structデータ型サポート	false	high	bold | 1 section(s)
new projects	新規プロジェクト	false	high	bold | 1 section(s)
Stage has reached GA	ステージがGAに到達しました	false	high	bold | 1 section(s)
Volume	ボリューム	false	high	bold | 1 section(s)
Volume-level RBAC	ボリュームレベルRBAC	false	high	bold | 1 section(s)
Console support	コンソールサポート	false	high	bold | 1 section(s)
GCP support	GCPサポート	true	high	bold | 1 section(s)
AWS and GCP	AWS and GCP	true	high	bold | 1 section(s)
Granular Access Control	きめ細かなアクセス制御	false	high	bold | 1 section(s)
Comprehensive Auditing	包括的な監査	false	high	bold | 1 section(s)
TOTP-based MFA	TOTPベースのMFA	false	high	bold | 1 section(s)
Organization-Level Enforcement	組織レベルでの適用	false	high	bold | 1 section(s)
Legacy Migration	レガシー移行	false	high	bold | 1 section(s)
Milvus 2.3.x	Milvus 2.3.x	true	high	bold | 1 section(s)
Time-zone-aware timestamp support	タイムゾーンを考慮したタイムスタンプのサポート	false	high	bold | 1 section(s)
Highlighter	ハイライター	false	high	bold | 1 section(s)
Model-Based Embedding	モデルベースの埋め込み	false	high	bold | 1 section(s)
Model-Based Reranking	モデルベースの再ランキング	false	high	bold | 1 section(s)
Third-Party Model Provider Integration	サードパーティモデルプロバイダーとの統合	false	high	bold | 1 section(s)
Intelligent Replica Autoscaling	インテリジェントなレプリカの自動スケーリング	false	high	bold | 1 section(s)
Zero-Touch Reliability	ゼロタッチの信頼性	false	high	bold | 1 section(s)
latest capabilities	最新機能	false	high	bold | 1 section(s)
Data Import	データインポート	false	high	bold, ngram-2 | 1 section(s)
Milvus Endpoint Migration	Milvusエンドポイントの移行	false	high	bold | 1 section(s)
Geometry	ジオメトリ	false	high	bold | 1 section(s)
Struct	構造体	false	high	bold | 1 section(s)
Job Details View	ジョブ詳細ビュー	false	high	bold | 1 section(s)
Enhanced Metrics Dashboards	強化されたメトリクスダッシュボード	false	high	bold | 1 section(s)
Job Center	ジョブセンター	false	high	bold | 1 section(s)
Performance-optimized, Capacity-optimized	パフォーマンス最適化、容量最適化	false	high	bold | 1 section(s)
Evaluate Latency	レイテンシーの評価	false	high	bold | 1 section(s)
Assess Capacity	容量の評価	false	high	bold | 1 section(s)
Check Throughput	スループットの確認	false	high	bold | 1 section(s)
Architecture Design	アーキテクチャ設計	false	high	bold | 1 section(s)
Compute Node HA	計算ノードのHA	false	high	bold | 1 section(s)
Cost Optimization	コスト最適化	false	high	bold | 1 section(s)
multiple persistent replicas	複数の永続レプリカ	false	high	bold | 1 section(s)
dynamic in-memory loading	動的なインメモリ読み込み	false	high	bold | 1 section(s)
Core Mechanism	コアメカニズム	false	high	bold | 1 section(s)
Read/Write Separation	読み書き分離	false	high	bold | 1 section(s)
Key Benefits	主な利点	false	high	bold | 1 section(s)
CDC Synchronization	CDC同期	false	high	bold | 1 section(s)
Data Write Strategy	データ書き込み戦略	false	high	bold | 1 section(s)
Failover Modes	フェイルオーバーモード	false	high	bold | 1 section(s)
Cursor	カーソル	false	high	bold | 1 section(s)
Cursor Settings	カーソル設定	false	high	bold | 1 section(s)
Tools & Integrations	ツールと統合	false	high	bold | 1 section(s)
MCP Tools	MCP Tools	true	high	bold | 1 section(s)
Python	Python	true	high	bold | 1 section(s)
Standard and Enterprise	Standard and Enterprise	true	high	bold | 1 section(s)
Alert Settings	アラート設定	false	high	bold, ngram-2 | 1 section(s)
Send to	送信先	false	high	bold | 1 section(s)
Alert Resolution Notification	アラート解決通知	false	high	bold, ngram-3 | 1 section(s)
Webhook URL	Webhook URL	true	high	bold | 1 section(s)
Slack	Slack	true	high	bold | 1 section(s)
Incoming Rules	受信ルール	false	high	bold | 1 section(s)
Turn on integration	統合を有効にする	false	high	bold | 1 section(s)
Opsgenie	Opsgenie	true	high	bold | 1 section(s)
Lark	Lark	true	high	bold | 1 section(s)
Webhook	Webhook	true	high	bold | 1 section(s)
Organization Alerts	組織アラート	false	high	bold, ngram-2 | 1 section(s)
History	履歴	false	high	bold | 1 section(s)
First notification	最初の通知	false	high	bold | 1 section(s)
Second notification	2番目の通知	false	high	bold | 1 section(s)
Subsequent notifications	以降の通知	false	high	bold | 1 section(s)
Project Alerts	プロジェクトアラート	false	high	bold, ngram-2 | 1 section(s)
Organization-level metrics	組織レベルのメトリクス	false	high	bold | 1 section(s)
Project-level metrics	プロジェクトレベルのメトリクス	false	high	bold | 1 section(s)
Relative Range	相対範囲	false	high	bold | 1 section(s)
Absolute Range	絶対範囲	false	high	bold | 1 section(s)
Resources	リソース	false	high	bold | 1 section(s)
Performance	パフォーマンス	false	high	bold | 1 section(s)
Data	データ	false	high	bold | 1 section(s)
Schema preservation	スキーマの保持	false	high	bold | 1 section(s)
No field modifications	フィールドの変更なし	false	high	bold | 1 section(s)
Automatic indexing	自動インデックス作成	false	high	bold | 1 section(s)
Initialization	初期化	false	high	bold | 1 section(s)
Finalization	最終処理	false	high	bold | 1 section(s)
Locked	ロック済み	false	high	bold | 1 section(s)
Syncing	同期中	false	high	bold | 1 section(s)
Lag Behind Source	ソースからの遅延	false	high	bold, ngram-3 | 1 section(s)
Establish connection	接続を確立する	false	high	bold | 1 section(s)
Automatic detection	自動検出	false	high	bold | 1 section(s)
Field customization	フィールドのカスタマイズ	false	high	bold | 1 section(s)
Type conversion	型変換	false	high	bold | 1 section(s)
Advanced options	詳細オプション	false	high	bold | 1 section(s)
Small datasets	小規模データセット	false	high	bold | 1 section(s)
Large datasets	大規模データセット	false	high	bold | 1 section(s)
Real-time monitoring	リアルタイム監視	false	high	bold | 1 section(s)
Progress indicators	進捗インジケーター	false	high	bold | 1 section(s)
Error handling	エラー処理	false	high	bold | 1 section(s)
Validation	検証	false	high	bold | 1 section(s)
Migrations	移行	false	high	bold | 1 section(s)
Nullable	NULL許容	false	high	bold | 1 section(s)
Default Value	デフォルト値	false	high	bold, ngram-2 | 1 section(s)
Naming conflicts	名前の競合	false	high	bold | 1 section(s)
From Local File	ローカルファイルから	false	high	bold | 1 section(s)
From Object Storage	オブジェクトストレージから	false	high	bold | 1 section(s)
From Volume	ボリュームから	false	high	bold | 1 section(s)
into the	に	false	high	bold | 1 section(s)
Download	ダウンロード	false	high	bold | 1 section(s)
Manual Loading Required	手動ロードが必要です	false	high	bold, ngram-3 | 1 section(s)
All Organizations	すべての組織	false	high	bold | 1 section(s)
System Settings	システム設定	false	high	bold | 1 section(s)
Time Zone Settings	タイムゾーン設定	false	high	bold | 1 section(s)
System Maintenance Window	システムメンテナンス期間	false	high	bold, ngram-3 | 1 section(s)
Organization Members	組織メンバー	false	high	bold | 1 section(s)
Recycle Bin	ごみ箱	false	high	bold, ngram-2 | 1 section(s)
Bank Transfer History	銀行振込履歴	false	high	bold | 1 section(s)
Billing Admin	請求管理者	false	high	bold, ngram-2 | 1 section(s)
Billing	請求	false	high	bold | 1 section(s)
By Project	プロジェクト別	false	high	bold | 1 section(s)
By Cluster	クラスター別	false	high	bold | 1 section(s)
By Time Period	期間別	false	high	bold | 1 section(s)
By Cost Type	コストタイプ別	false	high	bold | 1 section(s)
By Cloud Region	クラウドリージョン別	false	high	bold | 1 section(s)
Web Console UI	WebコンソールUI	false	high	bold | 1 section(s)
Standard Plan	スタンダードプラン	false	high	bold | 1 section(s)
Payment	支払い	false	high	bold | 1 section(s)
Method	方法	false	high	bold | 1 section(s)
Credit Card	クレジットカード	false	high	bold, ngram-2 | 1 section(s)
Card number	カード番号	false	high	bold | 1 section(s)
Expiration	有効期限	false	high	bold | 1 section(s)
First Name	名	false	high	bold | 1 section(s)
Last Name	姓	false	high	bold | 1 section(s)
Company Name	会社名	false	high	bold | 1 section(s)
Email	Eメール	false	high	bold | 1 section(s)
Street Address	番地	false	high	bold | 1 section(s)
Country / Region	国/地域	false	high	bold | 1 section(s)
State / Province	都道府県	false	high	bold | 1 section(s)
City	市区町村	false	high	bold | 1 section(s)
ZIP/Postal Code	郵便番号	false	high	bold | 1 section(s)
Payment Method	支払い方法	false	high	bold, ngram-2 | 1 section(s)
Billing Profile	請求プロファイル	false	high	bold | 1 section(s)
Try for free	無料で試す	false	high	bold | 1 section(s)
Subscribe	購読	false	high	bold | 1 section(s)
Insufficient permissions	権限が不十分です	false	high	bold | 1 section(s)
"Insufficient Permissions"	"権限が不十分です"	false	high	bold | 1 section(s)
"Marketplace Linked"	"マーケットプレイスにリンク済み"	false	high	bold | 1 section(s)
Plans + Pricing	プランと料金	false	high	bold | 1 section(s)
Subscribe to Zilliz Cloud	Zilliz Cloudを購読する	false	high	bold | 1 section(s)
Project Details	プロジェクトの詳細	false	high	bold | 1 section(s)
Resource group	リソースグループ	false	high	bold | 1 section(s)
SaaS Details	SaaSの詳細	false	high	bold | 1 section(s)
Auto-renew	自動更新	false	high	bold | 1 section(s)
Purchaser PUID	購入者PUID	false	high	bold | 1 section(s)
All resources	すべてのリソース	false	high	bold | 1 section(s)
Resources/Recent	リソース/最近	false	high	bold | 1 section(s)
Cancel subscription	サブスクリプションをキャンセル	false	high	bold | 1 section(s)
New Zilliz Cloud subscription	新しいZilliz Cloudサブスクリプション	false	high	bold | 1 section(s)
Purchase details	購入の詳細	false	high	bold | 1 section(s)
Terms	規約	false	high	bold | 1 section(s)
Account Id	アカウントID	false	high	bold | 1 section(s)
Audit Logs Runtime	監査ログ実行時間	false	high	bold | 1 section(s)
Cluster Deployment Option	クラスターデプロイオプション	false	high	bold | 1 section(s)
Data Transfer Unit Price	データ転送単価	false	high	bold | 1 section(s)
Transferred Data Size	転送データサイズ	false	high	bold | 1 section(s)
Transfer Type	転送タイプ	false	high	bold | 1 section(s)
Source Continent	送信元大陸	false	high	bold | 1 section(s)
Destination Continent	送信先大陸	false	high	bold | 1 section(s)
Cluster Runtime	クラスター実行時間	false	high	bold | 1 section(s)
Cold Data Access	コールドデータアクセス	false	high	bold | 1 section(s)
Cloud Provider & Region	クラウドプロバイダーとリージョン	false	high	bold | 1 section(s)
Data Size	データサイズ	false	high	bold, ngram-2 | 1 section(s)
Storage Duration	ストレージ期間	false	high	bold | 1 section(s)
Cold Data Size	コールドデータサイズ	false	high	bold | 1 section(s)
Grace Period	猶予期間	false	high	bold, ngram-2 | 1 section(s)
Invoices	請求書	false	high	bold | 1 section(s)
Billing Admins	請求管理者	false	high	bold | 1 section(s)
Grace	猶予	false	high	bold | 1 section(s)
Period	期間	false	high	bold | 1 section(s)
Overdue Date	延滞期日	false	high	bold | 1 section(s)
Amazon S3	Amazon S3	true	high	bold | 1 section(s)
Basic Settings	基本設定	false	high	bold | 1 section(s)
Integration Name	統合名	false	high	bold | 1 section(s)
Integration Description	統合の説明	false	high	bold | 1 section(s)
Zilliz Cloud Cluster	Zilliz Cloudクラスター	true	high	bold, ngram-3 | 1 section(s)
General purpose buckets	汎用バケット	false	high	bold | 1 section(s)
Bucket type	バケットタイプ	false	high	bold | 1 section(s)
General purpose	汎用	false	high	bold | 1 section(s)
Policies	ポリシー	false	high	bold | 1 section(s)
Policy Name	ポリシー名	false	high	bold | 1 section(s)
Validate Integration	統合の検証	false	high	bold | 1 section(s)
Solution	ソリューション	false	high	bold | 1 section(s)
Azure Blob Storage	Azure Blob Storage	true	high	bold, ngram-3 | 1 section(s)
Storage accounts	ストレージアカウント	false	high	bold | 1 section(s)
Data Storage	データストレージ	false	high	bold | 1 section(s)
Containers	コンテナ	false	high	bold | 1 section(s)
Zilliz Cloud Cluster Region	Zilliz Cloudクラスターリージョン	true	high	bold | 1 section(s)
Storage Account Name	ストレージアカウント名	false	high	bold | 1 section(s)
Container Name	コンテナ名	false	high	bold | 1 section(s)
App registrations	アプリ登録	false	high	bold | 1 section(s)
Application registrations	アプリケーション登録	false	high	bold | 1 section(s)
Register an application	アプリケーションの登録	false	high	bold | 1 section(s)
Register	登録	false	high	bold | 1 section(s)
Register a New Application	新しいアプリケーションの登録	false	high	bold | 1 section(s)
Cluster Issuer URL	クラスター発行者URL	false	high	bold | 1 section(s)
Certificates & secrets	証明書とシークレット	false	high	bold | 1 section(s)
Federated credentials	フェデレーション資格情報	false	high	bold | 1 section(s)
Federated credential scenario	フェデレーション資格情報シナリオ	false	high	bold | 1 section(s)
Kubernetes accessing Azure resources	KubernetesによるAzureリソースへのアクセス	false	high	bold | 1 section(s)
Cluster issuer URL	クラスター発行者URL	false	high	bold | 1 section(s)
Service account name	サービスアカウント名	false	high	bold | 1 section(s)
Audience	対象ユーザー	false	high	bold | 1 section(s)
Job function roles	職務ロール	false	high	bold | 1 section(s)
Storage Blob Data Contributor	Storage Blobデータ共同作成者	true	high	bold | 1 section(s)
Members	メンバー	false	high	bold | 1 section(s)
Datadog	Datadog	true	high	bold | 1 section(s)
Configuration Name	構成名	false	high	bold | 1 section(s)
Datadog API Key	Datadog APIキー	true	high	bold | 1 section(s)
Datadog Site	Datadogサイト	true	high	bold | 1 section(s)
Test Integration	統合テスト	false	high	bold | 1 section(s)
Google Cloud Storage Bucket	Google Cloud Storageバケット	true	high	bold | 1 section(s)
Title	タイトル	false	high	bold | 1 section(s)
Multi-region	マルチリージョン	false	high	bold | 1 section(s)
Dual-region	デュアルリージョン	false	high	bold | 1 section(s)
Google Service Account	Googleサービスアカウント	true	high	bold | 1 section(s)
model provider integration	モデルプロバイダー連携	false	high	bold | 1 section(s)
Text Embedding Functions	テキスト埋め込み関数	false	high	bold, ngram-3 | 1 section(s)
Model-based Rankers	モデルベースのランカー	false	high	bold, ngram-2 | 1 section(s)
API key	APIキー	true	high	bold | 1 section(s)
Model Providers	モデルプロバイダー	false	high	bold, ngram-2 | 1 section(s)
Model Provider	モデルプロバイダー	false	high	bold | 1 section(s)
Credential Information	認証情報	false	high	bold | 1 section(s)
Text Embedding Function	テキスト埋め込み関数	false	high	bold | 1 section(s)
Jobs	ジョブ	false	high	bold | 1 section(s)
Via web console	ウェブコンソール経由	false	high	bold | 1 section(s)
Via RESTful API	RESTful API経由	false	high	bold, ngram-3 | 1 section(s)
On the organization level	組織レベルで	false	high	bold | 1 section(s)
On the project level	プロジェクトレベルで	false	high	bold | 1 section(s)
On the cluster level	クラスターレベルで	false	high	bold | 1 section(s)
privilege group	特権グループ	false	high	bold | 1 section(s)
Read-Write	読み書き	false	high	bold | 1 section(s)
Read-Only	読み取り専用	false	high	bold | 1 section(s)
Data Management	データ管理	false	high	bold | 1 section(s)
System Events	システムイベント	false	high	bold | 1 section(s)
File Path	ファイルパス	false	high	bold | 1 section(s)
File Naming Convention	ファイル命名規則	false	high	bold | 1 section(s)
Dedicated-Enterprise	Dedicated-Enterprise	true	high	bold | 1 section(s)
Auditing	監査	false	high	bold | 1 section(s)
Storage Integration	ストレージ統合	false	high	bold | 1 section(s)
Forward Directory	転送ディレクトリ	false	high	bold | 1 section(s)
Audit Log	監査ログ	false	high	bold, ngram-2 | 1 section(s)
Abnormal	異常	false	high	bold | 1 section(s)
Platform Audit Logs	プラットフォーム監査ログ	false	high	bold, ngram-3 | 1 section(s)
Profile	プロファイル	false	high	bold | 1 section(s)
Account Settings	アカウント設定	false	high	bold, ngram-2 | 1 section(s)
Unlink from Google	Googleとのリンクを解除	false	high	bold | 1 section(s)
Unlink	リンクを解除	false	high	bold | 1 section(s)
Unlink from GitHub	GitHubとのリンクを解除	false	high	bold | 1 section(s)
Account	アカウント	false	high	bold | 1 section(s)
Close Account	アカウントを閉鎖	false	high	bold | 1 section(s)
Send Verification Code	認証コードを送信	false	high	bold | 1 section(s)
Personal API keys	個人APIキー	false	high	bold | 1 section(s)
Member's personal API key	メンバーの個人APIキー	false	high	bold | 1 section(s)
Customized API keys	カスタマイズされたAPIキー	false	high	bold | 1 section(s)
Project Admins	プロジェクト管理者	false	high	bold | 1 section(s)
API Key Name	APIキー名	false	high	bold, ngram-3 | 1 section(s)
API Key Access	APIキーアクセス	false	high	bold, ngram-3 | 1 section(s)
SSO compatibility	SSO互換性	false	high	bold | 1 section(s)
Login method compatibility	ログイン方法の互換性	false	high	bold | 1 section(s)
Single sign-on URL	シングルサインオンURL	false	high	bold | 1 section(s)
Service Provider Details	サービスプロバイダーの詳細	false	high	bold, ngram-3 | 1 section(s)
Applications	アプリケーション	false	high	bold | 1 section(s)
OIDC - OpenID Connect	OIDC - OpenID Connect	true	high	bold | 1 section(s)
Web Application	Webアプリケーション	false	high	bold | 1 section(s)
App integration name	アプリ連携名	false	high	bold | 1 section(s)
Sign-in redirect URIs	サインインリダイレクトURI	false	high	bold | 1 section(s)
Controlled access	制御されたアクセス	false	high	bold | 1 section(s)
Client ID	クライアントID	false	high	bold | 1 section(s)
Client Secret	クライアントシークレット	false	high	bold | 1 section(s)
Okta domain	Oktaドメイン	false	high	bold | 1 section(s)
Identity Provider Details	IDプロバイダーの詳細	false	high	bold, ngram-3 | 1 section(s)
Okta Domain	Okta Domain	true	high	bold | 1 section(s)
Assignments	割り当て	false	high	bold | 1 section(s)
Go Back	戻る	false	high	bold | 1 section(s)
Owner	オーナー	false	high	bold | 1 section(s)
Entity ID	エンティティID	false	high	bold, ngram-2 | 1 section(s)
Apps	アプリ	false	high	bold | 1 section(s)
Web and mobile apps	Webおよびモバイルアプリ	false	high	bold | 1 section(s)
Service provider details	サービスプロバイダーの詳細	false	high	bold | 1 section(s)
Attributes	属性	false	high	bold | 1 section(s)
Google Directory attributes	Googleディレクトリ属性	false	high	bold | 1 section(s)
Primary email	プライマリメール	false	high	bold | 1 section(s)
App attributes	アプリ属性	false	high	bold | 1 section(s)
Finish	完了	false	high	bold | 1 section(s)
User access	ユーザーアクセス	false	high	bold | 1 section(s)
Service status	サービスステータス	false	high	bold | 1 section(s)
Inherited	継承済み	false	high	bold | 1 section(s)
Override	上書き	false	high	bold | 1 section(s)
Overridden	上書き済み	false	high	bold | 1 section(s)
Inherit	継承する	false	high	bold | 1 section(s)
Enterprise apps	エンタープライズアプリ	false	high	bold | 1 section(s)
New application	新しいアプリケーション	false	high	bold | 1 section(s)
Single sign-on	シングルサインオン	false	high	bold | 1 section(s)
Basic SAML Configuration	基本SAML構成	false	high	bold | 1 section(s)
App Federation Metadata Url	App Federation Metadata Url	true	high	bold | 1 section(s)
App Federation Metadata URL	App Federation Metadata URL	true	high	bold | 1 section(s)
Users and groups	ユーザーとグループ	false	high	bold | 1 section(s)
SAML 2.0	SAML 2.0	true	high	bold | 1 section(s)
App name	アプリ名	false	high	bold | 1 section(s)
General	一般	false	high	bold | 1 section(s)
check the box	チェックボックスをオンにする	false	high	bold | 1 section(s)
Sign On	サインオン	false	high	bold | 1 section(s)
Metadata URL	メタデータURL	false	high	bold | 1 section(s)
SP Entity ID	SPエンティティID	false	high	bold, ngram-3 | 1 section(s)
Option 2 – Manual	オプション2 – 手動	false	high	bold | 1 section(s)
IdP SSO URL	IdP SSO URL	true	high	bold | 1 section(s)
x.509 Certificate	x.509証明書	false	high	bold | 1 section(s)
Multiple data residency options	複数のデータレジデンシーオプション	false	high	bold | 1 section(s)
Network > Private Endpoint	ネットワーク > プライベートエンドポイント	false	high	bold | 1 section(s)
Via UI console	UIコンソール経由	false	high	bold | 1 section(s)
Via UI Console	UIコンソール経由	false	high	bold | 1 section(s)
Service Settings	サービス設定	false	high	bold | 1 section(s)
Via CLI	CLI経由	false	high	bold | 1 section(s)
Your VPCs	お客様のVPC	false	high	bold | 1 section(s)
Private Link	Private Link	true	high	bold, ngram-2 | 1 section(s)
Hosted zone configuration	ホストゾーン設定	false	high	bold | 1 section(s)
Alias	エイリアス	false	high	bold | 1 section(s)
Alias to VPC endpoint	VPCエンドポイントへのエイリアス	false	high	bold | 1 section(s)
Azure	Azure	true	high	bold | 1 section(s)
Next: Resource >	次へ: リソース >	false	high	bold | 1 section(s)
Resource ID or alias	リソースIDまたはエイリアス	false	high	bold | 1 section(s)
Virtual network	仮想ネットワーク	false	high	bold | 1 section(s)
Go to resource	リソースに移動	false	high	bold | 1 section(s)
JSON View	JSONビュー	false	high	bold | 1 section(s)
Connection Status	接続ステータス	false	high	bold | 1 section(s)
Resource JSON	リソースJSON	false	high	bold | 1 section(s)
DNS configuration	DNS設定	false	high	bold | 1 section(s)
IP address	IPアドレス	false	high	bold | 1 section(s)
Basics	基本	false	high	bold | 1 section(s)
Instance details	インスタンスの詳細	false	high	bold | 1 section(s)
DNS Management	DNS管理	false	high	bold | 1 section(s)
Link name	リンク名	false	high	bold | 1 section(s)
Configuration	設定	false	high	bold | 1 section(s)
Completed	完了	false	high	bold | 1 section(s)
Approved	承認済み	false	high	bold | 1 section(s)
Connection	接続	false	high	bold | 1 section(s)
via UI Console	UIコンソール経由	false	high	bold | 1 section(s)
via CLI	CLI経由	false	high	bold | 1 section(s)
Target Service	ターゲットサービス	false	high	bold | 1 section(s)
Endpoint name	エンドポイント名	false	high	bold | 1 section(s)
Network	ネットワーク	false	high	bold | 1 section(s)
Subnetwork	サブネットワーク	false	high	bold | 1 section(s)
Project ID	プロジェクトID	false	high	bold | 1 section(s)
VPC networks	VPCネットワーク	false	high	bold | 1 section(s)
Subnet Name	サブネット名	false	high	bold | 1 section(s)
Private	プライベート	false	high	bold | 1 section(s)
Zone type	ゾーンタイプ	false	high	bold | 1 section(s)
Zone name	ゾーン名	false	high	bold | 1 section(s)
DNS name	DNS名	false	high	bold | 1 section(s)
Networks	ネットワーク	false	high	bold | 1 section(s)
IPv4 Address	IPv4アドレス	false	high	bold | 1 section(s)
running Dedicated	Dedicatedの実行	false	high	bold | 1 section(s)
free trial volume	無料トライアルボリューム	false	high	bold | 1 section(s)
once per organization	組織ごとに1回	false	high	bold | 1 section(s)
pay-as-you-go volume	従量課金ボリューム	false	high	bold | 1 section(s)
Data import	データインポート	false	high	bold | 1 section(s)
Data migration	データ移行	false	high	bold | 1 section(s)
Data merging	データマージ	false	high	bold | 1 section(s)
Cloud Storage	Cloud Storage	true	high	ngram-2, bold | 1 section(s)
Private Service Connect	Private Service Connect	true	high	ngram-3, bold | 1 section(s)
Topology	トポロジー	false	high	bold | 1 section(s)
Proxy	プロキシ	false	high	bold | 1 section(s)
Coordinator	コーディネーター	false	high	bold | 1 section(s)
Data Node	データノード	false	high	bold | 1 section(s)
Back to Last Step	前のステップに戻る	false	high	bold | 1 section(s)
Operations	運用	false	high	bold | 1 section(s)
Data management & security	データ管理とセキュリティ	false	high	bold | 1 section(s)
Internal Traffic	内部トラフィック	false	high	bold | 1 section(s)
External Traffic	外部トラフィック	false	high	bold | 1 section(s)
Same Security Group	同じセキュリティグループ	false	high	bold | 1 section(s)
VPC settings	VPC設定	false	high	bold | 1 section(s)
VPC and more	VPCなど	false	high	bold | 1 section(s)
Name tag auto-generation	名前タグの自動生成	false	high	bold | 1 section(s)
IPv4 CIDR block	IPv4 CIDRブロック	false	high	bold | 1 section(s)
Number of public subnets	パブリックサブネット数	false	high	bold | 1 section(s)
Number of private subnets	プライベートサブネット数	false	high	bold | 1 section(s)
Customize subnets CIDR blocks	サブネットCIDRブロックのカスタマイズ	false	high	bold | 1 section(s)
NAT gateways	NATゲートウェイ	false	high	bold | 1 section(s)
In 1 AZ	1つのAZ内	false	high	bold | 1 section(s)
DNS options	DNSオプション	false	high	bold | 1 section(s)
Additional tags	追加タグ	false	high	bold | 1 section(s)
Key	キー	false	high	bold | 1 section(s)
Resource map	リソースマップ	false	high	bold | 1 section(s)
Subnet Details	サブネットの詳細	false	high	bold | 1 section(s)
Security groups	セキュリティグループ	false	high	bold | 1 section(s)
Security group name	セキュリティグループ名	false	high	bold | 1 section(s)
Inbound rules	インバウンドルール	false	high	bold | 1 section(s)
Anywhere-IPv4	任意の場所-IPv4	false	high	bold | 1 section(s)
Destination	送信先	false	high	bold | 1 section(s)
Tags	タグ	false	high	bold | 1 section(s)
VPC dashboard	VPCダッシュボード	false	high	bold | 1 section(s)
PrivateLink and Lattice	PrivateLinkとLattice	true	high	bold | 1 section(s)
Name tag	名前タグ	false	high	bold | 1 section(s)
Service settings	サービス設定	false	high	bold | 1 section(s)
Service name	サービス名	false	high	bold | 1 section(s)
Network settings	ネットワーク設定	false	high	bold | 1 section(s)
Private DNS names	プライベートDNS名	false	high	bold | 1 section(s)
General purpose bucket	汎用バケット	false	high	bold | 1 section(s)
Zilliz Cloud console	Zilliz Cloudコンソール	true	high	bold | 1 section(s)
Bucket	バケット	false	high	bold | 1 section(s)
AWS Console	AWSコンソール	true	high	bold | 1 section(s)
AWS Account ID	AWSアカウントID	true	high	bold, ngram-3 | 1 section(s)
Common trust policy	共通信頼ポリシー	false	high	bold | 1 section(s)
IAM Role ARN	IAMロールARN	true	high	bold, ngram-3 | 1 section(s)
Specify permissions	権限の指定	false	high	bold | 1 section(s)
External ID	外部ID	false	high	bold | 1 section(s)
AWS account	AWSアカウント	false	high	bold | 1 section(s)
Another AWS account	別のAWSアカウント	false	high	bold | 1 section(s)
Require external ID	外部IDを必須にする	false	high	bold | 1 section(s)
EKS settings	EKS設定	false	high	bold | 1 section(s)
Attach policies	ポリシーのアタッチ	false	high	bold | 1 section(s)
Other permissions policies	その他の権限ポリシー	false	high	bold | 1 section(s)
Policy name	ポリシー名	false	high	bold | 1 section(s)
Policy details	ポリシーの詳細	false	high	bold | 1 section(s)
Quickstart	クイックスタート	false	high	bold | 1 section(s)
Manually	手動で	false	high	bold | 1 section(s)
EKS Settings	EKS設定	false	high	bold | 1 section(s)
Security Group ID	セキュリティグループID	false	high	bold | 1 section(s)
VPC endpoint ID	VPCエンドポイントID	false	high	bold | 1 section(s)
VPC Endpoint ID	VPCエンドポイントID	false	high	bold | 1 section(s)
VPC network	VPCネットワーク	false	high	bold | 1 section(s)
Regional Managed Proxy	Regional Managed Proxy	true	high	bold | 1 section(s)
Purpose	目的	false	high	bold | 1 section(s)
Network Connectivity	ネットワーク接続	false	high	bold | 1 section(s)
Cloud Router	Cloud Router	true	high	bold, ngram-2 | 1 section(s)
Routers	ルーター	false	high	bold | 1 section(s)
Cloud NAT IP address	Cloud NAT IPアドレス	false	high	bold | 1 section(s)
IP address 1	IPアドレス1	false	high	bold | 1 section(s)
Reserve	予約	false	high	bold | 1 section(s)
Firewalls	ファイアウォール	false	high	bold | 1 section(s)
Network Services	ネットワークサービス	false	high	bold | 1 section(s)
Target details	ターゲットの詳細	false	high	bold | 1 section(s)
Static IP address	静的IPアドレス	false	high	bold | 1 section(s)
Fine-grained	きめ細かい	false	high	bold | 1 section(s)
IAM & Admin	IAMと管理	false	high	bold | 1 section(s)
Service Accounts	サービスアカウント	false	high	bold | 1 section(s)
Storage Object Admin	Storage Object Admin	true	high	bold | 1 section(s)
Condition editor	条件エディタ	false	high	bold | 1 section(s)
Storage Bucket Viewer	Storage Bucket Viewer	true	high	bold | 1 section(s)
Role launch stage	ロールの起動段階	false	high	bold | 1 section(s)
Alpha	アルファ	false	high	bold | 1 section(s)
General Availability	一般提供	false	high	bold | 1 section(s)
IAM custom role	IAMカスタムロール	false	high	bold | 1 section(s)
Service Account	サービスアカウント	false	high	bold, ngram-2 | 1 section(s)
Principals with access	アクセス権を持つプリンシパル	false	high	bold | 1 section(s)
New principals	新しいプリンシパル	false	high	bold | 1 section(s)
Service Account User	サービスアカウントユーザー	false	high	bold | 1 section(s)
Role	ロール	false	high	bold | 1 section(s)
Service Account Token Creator	サービスアカウントトークン作成者	false	high	bold | 1 section(s)
Zilliz BYOC Project Name	Zilliz BYOC Project Name	true	high	bold | 1 section(s)
Cloud Region	クラウドリージョン	false	high	bold | 1 section(s)
GCP Private Service Connect	GCP Private Service Connect	true	high	bold | 1 section(s)
Service Account Email	サービスアカウントメール	false	high	bold | 1 section(s)
GKE Settings	GKE設定	false	high	bold | 1 section(s)
GKE Cluster Name	GKEクラスター名	false	high	bold | 1 section(s)
Subnet Names	サブネット名	false	high	bold | 1 section(s)
Private Service Connect Endpoint	Private Service Connect エンドポイント	false	high	bold | 1 section(s)
Undeploy	デプロイ解除	false	high	bold | 1 section(s)
Deploying	デプロイ中	false	high	bold | 1 section(s)
VPC Management	VPC管理	false	high	bold | 1 section(s)
Subnet Operations	サブネット操作	false	high	bold | 1 section(s)
Security Groups	セキュリティグループ	false	high	bold | 1 section(s)
Route Tables	ルートテーブル	false	high	bold | 1 section(s)
Internet Gateways	インターネットゲートウェイ	false	high	bold | 1 section(s)
NAT Gateways	NATゲートウェイ	false	high	bold | 1 section(s)
VPC Endpoints	VPCエンドポイント	false	high	bold | 1 section(s)
Launch Templates	起動テンプレート	false	high	bold | 1 section(s)
Route53	Route53	true	high	bold | 1 section(s)
Tagging	タグ付け	false	high	bold | 1 section(s)
Role Management	ロール管理	false	high	bold | 1 section(s)
Policy Management	ポリシー管理	false	high	bold | 1 section(s)
Identity Verification	ID検証	false	high	bold | 1 section(s)
Bucket Operations	バケット操作	false	high	bold | 1 section(s)
Bucket Configuration	バケット設定	false	high	bold | 1 section(s)
Object Tagging	オブジェクトタグ付け	false	high	bold | 1 section(s)
Bucket Listing	バケットリスト	false	high	bold | 1 section(s)
Service-Linked Roles	サービスにリンクされたロール	false	high	bold | 1 section(s)
OIDC Provider	OIDCプロバイダー	false	high	bold | 1 section(s)
IAM Role Management	IAMロール管理	false	high	bold | 1 section(s)
EC2 Resources	EC2リソース	false	high	bold | 1 section(s)
EKS Cluster Operations	EKSクラスター操作	false	high	bold | 1 section(s)
Node Group Operations	ノードグループ操作	false	high	bold | 1 section(s)
Addon Management	アドオン管理	false	high	bold | 1 section(s)
Pod Resources	Podリソース	false	high	bold | 1 section(s)
VARCHAR	VARCHAR	true	high	backtick | 13 section(s)
AUTOINDEX	AUTOINDEX	true	high	backtick | 8 section(s)
True	True	true	high	backtick | 4 section(s)
INT64	INT64	true	high	backtick | 4 section(s)
DOUBLE	DOUBLE	true	high	backtick | 4 section(s)
COSINE	COSINE	true	high	backtick | 3 section(s)
L2	L2	true	high	backtick | 3 section(s)
IP	IP	true	high	backtick | 3 section(s)
LIKE	LIKE	true	high	backtick | 3 section(s)
JSON	JSON	true	high	backtick | 3 section(s)
FLOAT	FLOAT	true	high	backtick | 3 section(s)
JACCARD	JACCARD	true	high	backtick | 2 section(s)
MHJACCARD	MHJACCARD	true	high	backtick | 2 section(s)
INT8	INT8	true	high	backtick | 2 section(s)
INT32	INT32	true	high	backtick | 2 section(s)
BOOL	BOOL	true	high	backtick | 2 section(s)
ARRAY	ARRAY	true	high	backtick | 2 section(s)
IS NULL	IS NULL	true	high	backtick, ngram-2 | 2 section(s)
IS NOT NULL	IS NOT NULL	true	high	backtick, ngram-3 | 2 section(s)
HAMMING	HAMMING	true	high	backtick | 2 section(s)
GEOMETRY	GEOMETRY	true	high	backtick | 2 section(s)
TIMESTAMPTZ	TIMESTAMPTZ	true	high	backtick | 2 section(s)
BM25	BM25	true	high	backtick | 2 section(s)
Managed volume			pending	bold | 3 section(s)
Choose Deployment Option			pending	bold | 2 section(s)
America/Chicago			pending	backtick, bold | 2 section(s)
External volume			pending	bold | 2 section(s)
Collection			pending	bold | 2 section(s)
Schema			pending	bold | 2 section(s)
Default Project			pending	bold, backtick | 2 section(s)
Cluster Access			pending	bold, ngram-2 | 2 section(s)
All Clusters			pending	bold | 2 section(s)
Include all future clusters			pending	bold | 2 section(s)
Volume Access			pending	bold | 2 section(s)
All Volumes			pending	bold | 2 section(s)
Include all future volumes			pending	bold | 2 section(s)
Refresh			pending	backtick, bold | 2 section(s)
public or private endpoints			pending	bold | 1 section(s)
Global			pending	bold | 1 section(s)
Resilience against regional outages			pending	bold | 1 section(s)
Low-latency reads			pending	bold | 1 section(s)
Project plan availability			pending	bold | 1 section(s)
Cluster configuration			pending	bold | 1 section(s)
Unsupported features			pending	bold | 1 section(s)
Auto-recovery			pending	bold | 1 section(s)
Switchover or Failover			pending	bold | 1 section(s)
serving cluster			pending	bold | 1 section(s)
Order By			pending	bold | 1 section(s)
Collection-level TTL			pending	bold | 1 section(s)
Entity-level TTL			pending	bold | 1 section(s)
Entity			pending	bold | 1 section(s)
Bitmap			pending	bold | 1 section(s)
Bit			pending	bold | 1 section(s)
Map			pending	bold | 1 section(s)
Category			pending	bold | 1 section(s)
Public			pending	bold | 1 section(s)
Tech			pending	bold | 1 section(s)
Performance benefit			pending	bold | 1 section(s)
"electronics"			pending	bold | 1 section(s)
maps to IDs			pending	bold | 1 section(s)
Consider your query patterns			pending	bold | 1 section(s)
binary search			pending	bold | 1 section(s)
Recall			pending	bold | 1 section(s)
Recall by approximately 3%–4%			pending	bold | 1 section(s)
Recall drops by 3%–4%			pending	bold | 1 section(s)
Segments text			pending	bold | 1 section(s)
Tags each token			pending	bold | 1 section(s)
Applies filters			pending	bold | 1 section(s)
Expected output			pending	bold | 1 section(s)
full text search			pending	bold | 1 section(s)
dynamic field			pending	bold | 1 section(s)
scalar and vector fields			pending	bold | 1 section(s)
id = 1			pending	bold | 1 section(s)
id = 2			pending	bold | 1 section(s)
id = 3			pending	bold | 1 section(s)
scalar filter expressions			pending	bold | 1 section(s)
Analyzer			pending	bold | 1 section(s)
Gemma2-2B			pending	bold | 1 section(s)
at the sentence level			pending	bold | 1 section(s)
High token costs			pending	bold | 1 section(s)
Noise interference			pending	bold | 1 section(s)
Reduce costs			pending	bold | 1 section(s)
During insertion			pending	bold | 1 section(s)
During search			pending	bold | 1 section(s)
Score text segments			pending	bold | 1 section(s)
Return highlighted fragments			pending	bold | 1 section(s)
If			pending	bold | 1 section(s)
is not set			pending	bold | 1 section(s)
is set			pending	bold | 1 section(s)
Highlight model deployment			pending	bold | 1 section(s)
Third-party model provider			pending	bold | 1 section(s)
Hosted embedding model			pending	bold | 1 section(s)
Compute			pending	bold | 1 section(s)
Tiered-storage			pending	bold | 1 section(s)
tiered storage architecture			pending	bold | 1 section(s)
full collection scan			pending	bold | 1 section(s)
Billing > Usage			pending	bold | 1 section(s)
Selection Phase			pending	bold | 1 section(s)
Operations Phase			pending	bold | 1 section(s)
Billing Optimization			pending	bold | 1 section(s)
Choose capacity-optimized clusters first			pending	bold | 1 section(s)
Tune build level			pending	bold | 1 section(s)
Partition			pending	bold | 1 section(s)
Dynamic Field			pending	bold, ngram-2 | 1 section(s)
September 15, 2022			pending	bold | 1 section(s)
August 30, 2022			pending	bold | 1 section(s)
August 1, 2022			pending	bold | 1 section(s)
July 22, 2022			pending	bold | 1 section(s)
primary key			pending	bold | 1 section(s)
absolute data sovereignty			pending	bold | 1 section(s)
Semantic Highlighter			pending	bold, ngram-2 | 1 section(s)
Configurable sampling			pending	bold | 1 section(s)
Customizable output fields			pending	bold | 1 section(s)
Hot data identification			pending	bold | 1 section(s)
Structured JSON Lines format			pending	bold | 1 section(s)
Cluster-level metrics			pending	bold | 1 section(s)
Collection-level metrics			pending	bold | 1 section(s)
at the collection level			pending	bold | 1 section(s)
serving clusters			pending	bold | 1 section(s)
on-demand clusters			pending	bold | 1 section(s)
On-Demand Compute > Clusters			pending	bold | 1 section(s)
Other Database			pending	bold | 1 section(s)
Customize			pending	bold | 1 section(s)
Active Runtime			pending	bold | 1 section(s)
Suspending			pending	bold | 1 section(s)
Indexing CU Unit Price			pending	bold | 1 section(s)
Number of Indexing CU			pending	bold | 1 section(s)
Time			pending	bold | 1 section(s)
Class 1			pending	bold | 1 section(s)
Class 2			pending	bold | 1 section(s)
Class 1 Request Count			pending	bold | 1 section(s)
Class 2 Request Count			pending	bold | 1 section(s)
Class 1 Unit Price			pending	bold | 1 section(s)
Class 2 Unit Price			pending	bold | 1 section(s)
Bucket Permission			pending	bold | 1 section(s)
Read-Write,			pending	bold | 1 section(s)
Read-Only and			pending	bold | 1 section(s)
Cluster operations			pending	bold | 1 section(s)
Cluster users			pending	bold | 1 section(s)
Data plane operations			pending	bold | 1 section(s)
Collaborators			pending	bold | 1 section(s)
Cluster IP allowlist			pending	bold | 1 section(s)
Private endpoints			pending	bold | 1 section(s)
Sample rate			pending	bold | 1 section(s)
Output fields			pending	bold | 1 section(s)
JSON Lines			pending	bold, ngram-2 | 1 section(s)
Cluster Admin			pending	bold, ngram-2 | 1 section(s)
Sampling Rate			pending	bold | 1 section(s)
Output Fields			pending	bold | 1 section(s)
Always included			pending	bold | 1 section(s)
configured and validated			pending	bold | 1 section(s)
Enforce SSO Login			pending	bold | 1 section(s)
any other			pending	bold | 1 section(s)
SSO enforcement			pending	bold | 1 section(s)
Existing IAM Role			pending	bold, ngram-3 | 1 section(s)
Validate KMS Key			pending	bold | 1 section(s)
New IAM Role			pending	bold | 1 section(s)
Step 1			pending	bold | 1 section(s)
Step 2			pending	bold | 1 section(s)
Step 3			pending	bold | 1 section(s)
Enter			pending	bold | 1 section(s)
Step 4			pending	bold | 1 section(s)
root key			pending	bold | 1 section(s)
Cluster IP Allowlisting			pending	bold | 1 section(s)
Google Cloud			pending	bold, ngram-2 | 1 section(s)
Via SDKs			pending	bold, ngram-2 | 1 section(s)
Volumes			pending	bold | 1 section(s)
Upload file or folder			pending	bold | 1 section(s)
Upload a file			pending	bold | 1 section(s)
Upload a folder			pending	bold | 1 section(s)
Files			pending	bold | 1 section(s)
Continuous Serving			pending	bold, ngram-2 | 1 section(s)
Continuous Discovery			pending	bold, ngram-2 | 1 section(s)
Realtime Serving			pending	bold, ngram-2 | 1 section(s)
On-demand Compute			pending	bold, ngram-2 | 1 section(s)
Serving			pending	bold | 1 section(s)
Discovery			pending	bold | 1 section(s)
Serving only			pending	bold | 1 section(s)
On-demand only			pending	bold | 1 section(s)
Both			pending	bold | 1 section(s)
On-demand Cluster			pending	bold, ngram-2 | 1 section(s)
On-demand Ephemeral			pending	bold | 1 section(s)
External collections			pending	bold | 1 section(s)
Why this matters			pending	bold | 1 section(s)
Recommended adoption path			pending	bold | 1 section(s)
Decision ask			pending	bold | 1 section(s)
Database / Collection			pending	bold | 1 section(s)
~55 GB			pending	bold | 1 section(s)
Lakebase			pending	bold | 1 section(s)
AI CS/CD loop			pending	bold | 1 section(s)
Zero-copy indexing			pending	bold | 1 section(s)
Pay-per-query economics			pending	bold | 1 section(s)
Progressive upgrade path			pending	bold | 1 section(s)
True multi-tenancy with scale-to-zero			pending	bold | 1 section(s)
External and managed volumes			pending	bold | 1 section(s)
GPU-accelerated index builds			pending	bold | 1 section(s)
Explore			pending	bold | 1 section(s)
Validate			pending	bold | 1 section(s)
Serve			pending	bold | 1 section(s)
Tiered Query Node			pending	bold | 1 section(s)
Subscriptions			pending	bold | 1 section(s)
Essentials			pending	bold | 1 section(s)
Resource groups			pending	bold | 1 section(s)
Contributor			pending	bold | 1 section(s)
User Access Administrator			pending	bold | 1 section(s)
Privileged administrator roles			pending	bold | 1 section(s)
Managed entity			pending	bold | 1 section(s)
Azure Private Service Connect			pending	bold | 1 section(s)
Subscription ID			pending	bold, backtick | 1 section(s)
Resource Group Name			pending	bold | 1 section(s)
Endpoint services			pending	bold | 1 section(s)
Available load balancers			pending	bold | 1 section(s)
`zilliz-gateway`			pending	bold | 1 section(s)
Acceptance required			pending	bold | 1 section(s)
Service category			pending	bold | 1 section(s)
Other endpoint services			pending	bold | 1 section(s)
security group			pending	bold | 1 section(s)
Available			pending	bold | 1 section(s)
Route 53			pending	bold | 1 section(s)
Hosted zones			pending	bold | 1 section(s)
Domain name			pending	bold | 1 section(s)
Private hosted zone			pending	bold | 1 section(s)
Record name			pending	bold | 1 section(s)
Record type			pending	bold | 1 section(s)
Milvus Components			pending	bold | 1 section(s)
Dependencies			pending	bold | 1 section(s)
Total Capacity			pending	bold | 1 section(s)
Expiring soon			pending	bold | 1 section(s)
Expired			pending	bold | 1 section(s)
Running CU			pending	bold | 1 section(s)
None			pending	backtick | 3 section(s)
INT16			pending	backtick | 3 section(s)
POST			pending	backtick | 2 section(s)
IN			pending	backtick | 2 section(s)
INT8/16/32/64			pending	backtick | 2 section(s)
BM25\			pending	backtick | 2 section(s)
GET			pending	backtick | 2 section(s)
